dataset,config,n_seeds,mean_acc,std_acc,all_accs
fsc,audio_only_hubert-base-ls960,5,0.9263379910361191,0.0036363700816381254,"[0.9272343791194305, 0.9198523596098075, 0.925916161349855, 0.9277616662272608, 0.930925388874242]"
fsc,fused_hubert-base-ls960_distilbert-base-uncased,5,1.0,0.0,"[1.0, 1.0, 1.0, 1.0, 1.0]"
fsc,fused_hubert-base-ls960_distilbert-base-uncased_embfusion,1,1.0,0.0,[1.0]
fsc,fused_hubert-base-ls960_roberta-base,5,0.9997363564460849,0.0,"[0.9997363564460849, 0.9997363564460849, 0.9997363564460849, 0.9997363564460849, 0.9997363564460849]"
fsc,fused_hubert-base-ls960_roberta-base_embfusion,1,0.9992090693382547,0.0,[0.9992090693382547]
fsc,fused_wav2vec2-base_distilbert-base-uncased,5,1.0,0.0,"[1.0, 1.0, 1.0, 1.0, 1.0]"
fsc,fused_wav2vec2-base_distilbert-base-uncased_embfusion,1,1.0,0.0,[1.0]
fsc,fused_wav2vec2-base_roberta-base,5,0.9999472712892171,0.00010545742156602423,"[1.0, 1.0, 1.0, 0.9997363564460849, 1.0]"
fsc,fused_wav2vec2-base_roberta-base_embfusion,1,1.0,0.0,[1.0]
fsc,fused_wavlm-base-plus_distilbert-base-uncased,5,1.0,0.0,"[1.0, 1.0, 1.0, 1.0, 1.0]"
fsc,fused_wavlm-base-plus_distilbert-base-uncased_embfusion,1,1.0,0.0,[1.0]
fsc,fused_wavlm-base-plus_roberta-base,5,0.9997890851568678,0.00010545742156602423,"[0.9997363564460849, 0.9997363564460849, 0.9997363564460849, 1.0, 0.9997363564460849]"
fsc,fused_wavlm-base-plus_roberta-base_embfusion,1,0.9997363564460849,0.0,[0.9997363564460849]
fsc,text_only_roberta-base,5,1.0,0.0,"[1.0, 1.0, 1.0, 1.0, 1.0]"
slurp,audio_only_hubert-base-ls960,5,0.454534332466738,0.0026322381055289825,"[0.455880103991436, 0.4519039608502829, 0.45863281847377274, 0.4515216393944028, 0.4547331396237957]"
slurp,fused_hubert-base-ls960_distilbert-base-uncased,5,0.8820920630065758,0.002007387897000808,"[0.8852270989447928, 0.8791099556507112, 0.8828567059183361, 0.8820920630065759, 0.8811744915124636]"
slurp,fused_hubert-base-ls960_distilbert-base-uncased_embfusion,1,0.8882092063006576,0.0,[0.8882092063006576]
slurp,fused_hubert-base-ls960_roberta-base,5,0.8807615843401132,0.0019250786983992445,"[0.882244991588928, 0.8825508487536321, 0.8815568129683438, 0.8801804557271754, 0.8772748126624866]"
slurp,fused_hubert-base-ls960_roberta-base_embfusion,1,0.882244991588928,0.0,[0.882244991588928]
slurp,fused_wav2vec2-base_distilbert-base-uncased,5,0.8804710200336444,0.0007818824304122339,"[0.8807157057654076, 0.8803333843095275, 0.8817862058418718, 0.8801039914359994, 0.8794158128154153]"
slurp,fused_wav2vec2-base_distilbert-base-uncased_embfusion,1,0.8875210276800735,0.0,[0.8875210276800735]
slurp,fused_wav2vec2-base_roberta-base,5,0.8806851200489371,0.0017759479790651692,"[0.8836213488300964, 0.8794158128154153, 0.8794922771065912, 0.8818626701330479, 0.8790334913595351]"
slurp,fused_wav2vec2-base_roberta-base_embfusion,1,0.8685578834684202,0.0,[0.8685578834684202]
slurp,fused_wavlm-base-plus_distilbert-base-uncased,5,0.8810674415048172,0.0021527651756865483,"[0.8795687413977672, 0.8852270989447928, 0.8810980272212876, 0.8797216699801192, 0.8797216699801192]"
slurp,fused_wavlm-base-plus_distilbert-base-uncased_embfusion,1,0.8944792781770913,0.0,[0.8944792781770913]
slurp,fused_wavlm-base-plus_roberta-base,5,0.8801651628689402,0.004204117710485407,"[0.8867563847683132, 0.8814803486771677, 0.8791864199418872, 0.8797216699801192, 0.8736809909772136]"
slurp,fused_wavlm-base-plus_roberta-base_embfusion,1,0.8762807768771983,0.0,[0.8762807768771983]
slurp,text_only_roberta-base,5,0.8830249273589234,0.0029832443003850817,"[0.8849977060712647, 0.885838813274201, 0.8836978131212724, 0.8773512769536627, 0.8832390273742162]"
